dataset_name,file,path,size_bytes,sha,rows_count,first_timestamp_raw,last_timestamp_raw,timezone_hint,price_unit_hint,notes
load,CC_LCL-FullData.xlsx,thesis-model/data/raw/load/CC_LCL-FullData.xlsx,25688154,8deb40c75be212aba46d02f41d48fa68d80e3042,UNKNOWN,UNKNOWN,UNKNOWN,UNKNOWN,EXCEL workbook; extraction required for row counts and timestamps
load,meta_data.xlsx,thesis-model/data/raw/load/meta_data.xlsx,284206,97d9a07ec5bc53344441da50450556cf5098d990,UNKNOWN,UNKNOWN,UNKNOWN,UNKNOWN,Excel metadata file; contains member metadata
pvgis,PVGIS_seriescalc_download_and_align_package.zip,thesis-model/data/raw/pvgis/PVGIS_seriescalc_download_and_align_package.zip,59981,e2f456239867e116bd566d1e95cec8a1c6f0dc53,UNKNOWN,UNKNOWN,UNKNOWN,UNKNOWN,ZIP archive (PVGIS outputs); needs extraction
omie,2023.zip,thesis-model/data/raw/omie/2023.zip,139794,cadd777a97b15e29ecb67d2437d95f9bc1fbbf12,UNKNOWN,UNKNOWN,UNKNOWN,UNKNOWN,OMIE zip archive (multiple files)
omie,2024.zip,thesis-model/data/raw/omie/2024.zip,137654,e2ecad7e98b90265521b838eb9062a23628cef72,UNKNOWN,UNKNOWN,UNKNOWN,UNKNOWN,OMIE zip archive (multiple files)
omie,2025.zip,thesis-model/data/raw/omie/2025.zip,172765,02896eeb56d12e1743917f73bc339acc41019c65,UNKNOWN,UNKNOWN,UNKNOWN,UNKNOWN,OMIE zip archive (multiple files)
omie,marginalpdbc_2018.zip,thesis-model/data/raw/omie/marginalpdbc_2018.zip,126310,6808a4905aeb5c0dc8a2ead6e44bea5e2624ab6a,UNKNOWN,UNKNOWN,UNKNOWN,UNKNOWN,Historical marginal price zip
pvpc_import,export_TerminoDeFacturacionDeEnergiaActivaDelPVPC20TD_2026-08-04_20_02.csv,thesis-model/data/raw/pvpc_import/export_TerminoDeFacturacionDeEnergiaActivaDelPVPC20TD_2026-08-04_20_02.csv,408,6a28fb13b0c09ef5cb2ec7077f87cda274ce711e,3,2026-08-04T21:00:00+02:00,2026-08-04T23:00:00+02:00,+02:00,EUR/MWh,Small CSV excerpt present (3 rows); verify full dataset source
pvpc_export,export_PrecioDeLaEnergiaExcedentariaDelAutoconsumoParaElMecanismoDeCompensacionSimplificada(PVPC)_2026-08-04_19_56.csv,thesis-model/data/raw/pvpc_export/export_PrecioDeLaEnergiaExcedentariaDelAutoconsumoParaElMecanismoDeCompensacionSimplificada(PVPC)_2026-08-04_19_56.csv,1273890,add33471946d3e6df390a23cf1836046bf213f43,UNKNOWN,UNKNOWN,UNKNOWN,UNKNOWN,Large CSV (likely full series); needs parsing
